use clothwholesale;
set autocommit =1;
/*供应商*/
insert into supplier 
(supplierCode,supplierName,contactName,mobile,email,contactAddr,postcode) values
('GYS01','供应商1','王小明','008613844444444','123@qq.com','江西省南昌市南京东路235号','330000'),
('GYS02','供应商2','王小暗','008613844444444','123@qq.com','江西省南昌市南京东路235号','330000');


/*管理员*/
insert into admin 
(adminCode,adminName,mobile,email,password,adminType,state)VALUES
('GJ001','王一','008613844444444','123@qq.com','123456','GJ','T'),
('CG001','王采购','008613844444444','123@qq.com','123456','CG','T'),
('PF001','王批发','008613844444444','123@qq.com','123456','PF','T'),
('CK001','王仓库','008613844444444','123@qq.com','123456','CK','T'),
('XT001','系统','无','无','123456','XT','T');


/*仓库*/
INSERT into warehouse
(warehouseCode,capacity,state,inventory)VALUES
('CK01',100000,'T',0),
('CK02',200000,'T',6400),
('CK03',100000,'T',0);


/*客户
用户名，客户姓名，密码，手机号，电子邮箱，联系地址，邮编
*/
insert into customer
(username,customerName,password,mobile,email,contactAddr,postcode)VALUES
('zhouhanyuxi','周寒聿西','123456','008613844444444','1127282462@qq.com','江西省南昌市南京东路235号','330000'),
('zhouhan','周寒','123456','008613844444444','1127282462@qq.com','江西省南昌市南京东路235号','330000'),
('zhaoshuhan','赵书函','123456','008613844444444','1127282462@qq.com','江西省南昌市南京东路235号','330000'),
('tangjuan','唐娟','123456','008613844444444','1127282462@qq.com','江西省南昌市南京东路235号','330000'),
('liuzhenchi','刘珍池','123456','008613844444444','1127282462@qq.com','江西省南昌市南京东路235号','330000');

/*客户收货地址
用户名，收货地址，邮编，联系人，手机号
*/
insert into shippingaddress 
(username,shippingAddr,postcode,contactName,mobile)values
('zhouhan','江西省南昌市南京东路235号南昌大学软件学院','330000','周寒聿西','13844444444'),
('zhouhan','江西省宜春市南京东路235号','330000','周寒','13844444444'),
('zhaoshuhan','江西省南昌市南京东路235号南昌大学软件学院','330000','赵书函','13844444444'),
('tangjuan','江西省南昌市南京东路235号南昌大学软件学院','330000','唐娟','13844444444'),
('liuzhenchi','江西省南昌市南京东路235号南昌大学软件学院','330000','刘珍池','13844444444');


/*产品*/
insert into product
(productCode,productName,originalName,originalPrice,typeTotal,width,weight,thickness,ingredient,density,state)VALUES
('GYS0100001','新款夏季挡风被面料 230T牛津布防水印花面料','牛津布',2.1,1,150,90,'150D*200D','100%涤纶','230t','T'),
('GYS0100002','厂家批发 110g棉麻印花布 小碎花裙布 20支春夏梭织印花面料 现货','棉麻印花布',9.0,4,140,110,'20*20','30麻70棉','20','T'),
('GYS0100003','罗纹 面料 40s奥代尔1*1罗纹 全棉针织氨纶打底衫面料 莱卡布料','全棉莱卡布料',21,12,175,220,'40s','
93%40支纯棉、7%氨纶','','T'),
('GYS0200001','夏季针织面料 全棉26支紧密纺奥黛尔平纹布 单面女装t恤棉布料','26支紧密纺奥黛尔平纹',20,9,190,170,'26S','100%棉','','T'),
('GYS0200002','春夏爆款锦棉天丝 竹节哥弟针织面料 时尚弹力女装连衣裙服装布','锦棉天丝竹节哥弟',18,1,160,210,'60S','60SR竹节50%+35%天丝+15%OP','','T');


/*产品型号
产品编号，产品型号，型号简称，数量
*/
insert into productmodel
(productCode,modelCode,modelName,totalNum)VALUES
('GYS0100001','GYS0100001000','',0),
('GYS0100001','GYS0100001001','',0),

('GYS0100002','GYS0100002000','',0),
('GYS0100002','GYS0100002001','粉红色',0),
('GYS0100002','GYS0100002002','黄色',0),
('GYS0100002','GYS0100002003','黑色',0),
('GYS0100002','GYS0100002004','玫红色',0),

('GYS0100003','GYS0100003000','一共12个颜色',2950),
('GYS0100003','GYS0100003001','',750),
('GYS0100003','GYS0100003002','',200),
('GYS0100003','GYS0100003003','',200),
('GYS0100003','GYS0100003004','',200),
('GYS0100003','GYS0100003005','',200),
('GYS0100003','GYS0100003006','',200),
('GYS0100003','GYS0100003007','',200),
('GYS0100003','GYS0100003008','',200),
('GYS0100003','GYS0100003009','',200),
('GYS0100003','GYS0100003010','',200),
('GYS0100003','GYS0100003011','',200),
('GYS0100003','GYS0100003012','',200),

('GYS0200001','GYS0200001000','9种颜色',3450),
('GYS0200001','GYS0200001001','大红',1850),
('GYS0200001','GYS0200001002','橙色',200),
('GYS0200001','GYS0200001003','金黄',200),
('GYS0200001','GYS0200001004','土绿',200),
('GYS0200001','GYS0200001005','青色',200),
('GYS0200001','GYS0200001006','天蓝',200),
('GYS0200001','GYS0200001007','紫色',200),
('GYS0200001','GYS0200001008','粉红',200),
('GYS0200001','GYS0200001009','玫瑰红',200),

('GYS0200002','GYS0200002000','',0),
('GYS0200002','GYS0200002001','',0);


/*产品图片
图片序号，产品型号，产品编号，图片文件名
*/
insert into picture
(pictureIndex,modelCode,filename)VALUES
(1,'GYS0100001000','GYS0100001000-1.jpg'),

(1,'GYS0100001001','GYS0100001001-1.jpg'),
(2,'GYS0100001001','GYS0100001001-2.jpg'),
(3,'GYS0100001001','GYS0100001001-3.jpg'),
(4,'GYS0100001001','GYS0100001001-4.jpg'),

/*----------------------------------------------------*/
(1,'GYS0100002000','GYS0100002000-1.jpg'),
(2,'GYS0100002000','GYS0100002000-2.jpg'),

(1,'GYS0100002001','GYS0100002001-1.jpg'),
(2,'GYS0100002001','GYS0100002001-2.jpg'),

(1,'GYS0100002002','GYS0100002002-1.jpg'),

(1,'GYS0100002003','GYS0100002003-1.jpg'),

(1,'GYS0100002004','GYS0100002004-1.jpg'),

/*----------------------------------------------------*/
(1,'GYS0100003000','GYS0100003000-1.jpg'),
(2,'GYS0100003000','GYS0100003000-2.jpg'),
(3,'GYS0100003000','GYS0100003000-3.jpg'),

(1,'GYS0100003001','GYS0100003001-1.jpg'),
(2,'GYS0100003001','GYS0100003001-2.jpg'),
(3,'GYS0100003001','GYS0100003001-3.jpg'),
(4,'GYS0100003001','GYS0100003001-4.jpg'),

/*------------------------------------------------------*/
(1,'GYS0200001000','GYS0200001000-1.jpg'),
(2,'GYS0200001000','GYS0200001000-2.jpg'),
(3,'GYS0200001000','GYS0200001000-3.jpg'),
(4,'GYS0200001000','GYS0200001000-4.jpg'),

(1,'GYS0200001001','GYS0200001001-1.jpg'),
(2,'GYS0200001001','GYS0200001001-2.jpg'),
(3,'GYS0200001001','GYS0200001001-3.jpg'),
/*-------------------------------------------------------*/
(1,'GYS0200002000','GYS0200002000-1.jpg'),
(2,'GYS0200002000','GYS0200002000-2.jpg'),
(3,'GYS0200002000','GYS0200002000-3.jpg'),
(4,'GYS0200002000','GYS0200002000-4.jpg'),
(4,'GYS0200002000','GYS0200002000-5.jpg'),

(1,'GYS0200002001','GYS0200002001-1.jpg'),
(2,'GYS0200002001','GYS0200002001-2.jpg'),
(3,'GYS0200002001','GYS0200002001-3.jpg');

/*产品价格
产品编号，价格序号，下限，价格
*/
insert into sellprice
(productCode,sellPriceCode,lowerLimit,price)VALUES
('GYS0100001','GYS01000011',2000,3.1),
('GYS0100001','GYS01000012',10000,3),

('GYS0100002','GYS01000021',1,15),
('GYS0100002','GYS01000022',100,12),
('GYS0100002','GYS01000023',1000,11),

('GYS0100003','GYS01000031',24,49.5),
('GYS0100003','GYS01000032',1500,49),
('GYS0100003','GYS01000033',15000,48),

('GYS0200001','GYS02000011',24,46.5),
('GYS0200001','GYS02000012',1500,46),
('GYS0200001','GYS02000013',15000,45),

('GYS0200002','GYS02000021',1,43),
('GYS0200002','GYS03000022',500,42);


/*采购订单
订单编号，供应商编号，采购员编号，时间，总价，货物状态
*/
insert into purchaseorder 
(purchaseOrdCode,supplierCode,adminCode,time,sumprice,paidPrice)VALUES
('CG20190412100700001','GYS01','CG001','2019-04-12 10:07:00',11.1*3000,9*3000),
('CG20190412100700002','GYS01','CG001','2019-04-12 10:07:00',41*3000,41*3000 ),
('CG20190412100700003','GYS01','CG001','2019-04-12 10:07:00',18*3000,18*3000 ),

('CG20190413100800001','GYS02','CG001','2019-04-13 10:08:00',11.1*3500,9*3500 ),
('CG20190413100800002','GYS02','CG001','2019-04-13 10:08:00',41*3500,41*3500 ),
('CG20190413100800003','GYS02','CG001','2019-04-13 10:08:00',18*3500,18*3500 );

/*采购订单项
订单项编号，订单编号，产品型号编号，数量，进价单价，单项总价，状态
*/
insert into purchaseitem VALUES
('CG2019041210070000101','CG20190412100700001','GYS0100001001',3000,2.1,2.1*3000,'DF'),
('CG2019041210070000102','CG20190412100700001','GYS0100002002',3000,9.0,9.0*3000,'YF'),

('CG2019041210070000201','CG20190412100700002','GYS0100001001',3000,21,21*3000,'DR'),
('CG2019041210070000202','CG20190412100700002','GYS0100002004',3000,20,20*3000,'DR'),

('CG2019041210070000301','CG20190412100700003','GYS0100003001',3000,18,18*3000,'YR'),

('CG2019041310080000101','CG20190413100800001','GYS0200001001',3500,2.1,2.1*3500,'DF'),
('CG2019041310080000102','CG20190413100800001','GYS0200002001',3500,9.0,9.0*3500,'YF'),

('CG2019041310080000201','CG20190413100800002','GYS0200001005',3500,21,21*3500,'DR'),
('CG2019041310080000202','CG20190413100800002','GYS0200002001',3500,20,20*3500,'DR'),

('CG2019041310080000301','CG20190413100800003','GYS0200001001',3500,18,18*3500,'YR');


/*客户进货单项
进货单项序号，型号序号，用户名，数量
*/
insert into listitem VALUES
('zhouhan-1','GYS0100003001','zhouhan',500),
('zhouhan-3','GYS0200001001','zhouhan',400),
('zhouhanyuxi-1','GYS0100003001','zhouhanyuxi',550),
('zhouhanyuxi-2','GYS0200001001','zhouhanyuxi',500);


/*批发订单
订单编号，收货地址序号，用户名，订单状态，创建时刻
*/
insert into wholesaleOrder
(wholesaleOrdCode,shippingAddrNum,username,orderState,time,sumPrice)VALUES
('PF20190415123030001',2,'zhouhan','DF','2019-04-15 12:30:30',(49.5+43)*100),
('PF20190415123030002',2,'zhouhan','DF','2019-04-15 12:30:30',(49.5+43)*50),
('PF20190415123030003',1,'zhouhan','YC','2019-04-15 12:30:30',(49.5+43)*50),
('PF20190420102036235',1,'zhouhan','YF','2019-04-20 10:20:36',43*500);

/*批发订单项
订单项编号，订单编号，产品型号编号，数量，单价，单项总价，状态
*/
insert into wholesaleitem values
('PF2019041512303000101','PF20190415123030001','GYS0100003001',100,49.5,100*49.5,'ZC'),
('PF2019041512303000102','PF20190415123030001','GYS0200001001',100,43,100*43,'ZC'),

('PF2019041512303000201','PF20190415123030002','GYS0100003001',50,49.5,50*49.5,'ZC'),
('PF2019041512303000202','PF20190415123030002','GYS0200001001',50,43,50*43,'ZC'),

('PF2019041512303000301','PF20190415123030003','GYS0100003001',50,49.5,50*49.5,'FH'),
('PF2019041512303000302','PF20190415123030003','GYS0200001001',50,43,50*43,'FH'),

('PF2019042010203623501','PF20190420102036235','GYS0200001001',500,43,500*43,'ZC');

/*批发商流水款项纪录*/
/*CG：采购PF：批发QX：批发订单取消TH：退货QT：其他（需在备注中注明）*/
insert into commoniorecord
(comIORecCode,adminCode,reason,IOmark,time,amount,ordCode)VALUES
('PO20190412100700001','CG001','CG','O','2019-04-12 10:07:00',-9.0*3000,'CG20190412100700001'),
('PO20190412100700002','CG001','CG','O','2019-04-12 10:07:00',-21*3000,'CG20190412100700002'),
('PO20190412100700020','CG001','CG','O','2019-04-12 10:07:00',-20*3000,'CG20190412100700002'),
('PO20190412100700003','CG001','CG','O','2019-04-12 10:07:00',-18*3000,'CG20190412100700003'),

('PO20190413100800001','CG001','CG','O','2019-04-13 10:08:00',-9.0*3500,'CG20190413100800001'),
('PO20190413100800002','CG001','CG','O','2019-04-13 10:08:00',-21*3500,'CG20190413100800002'),
('PO20190413100800012','CG001','CG','O','2019-04-13 10:08:00',-20*3500,'CG20190413100800002'),
('PO20190413100800003','CG001','CG','O','2019-04-13 10:08:00',-18*3500,'CG20190413100800003'),

('PI20190415123030003','XT001','PF','I','2019-04-15 12:30:30',(49.5+43)*50,'PF20190415123030003'),
('PI20190420102036201','XT001','PF','I','2019-04-20 10:20:36',43*500,'PF20190420102036235');

/*出入库流水记录
记录编号，仓库编号，产品型号编号，管理员编号，数量变动，变动原因，出入标识，出入时刻，订单编号，备注
CG：采购PF：批发TH：退货HH：换货QT：其他（在备注中注明）
*/
insert into warehouseiorecord VALUES
('RK20190412100720003','CK02','GYS0100003001','CK001',3000,'CG','I','2019-04-12 10:07:20','CG20190412100700003',''),
('RK20190412100820003','CK02','GYS0200001001','CK001',3500,'CG','I','2019-04-12 10:08:20','CG20190412100800003',''),

('CK20190415123030002','CK02','GYS0100003001','CK001',50,'PF','O','2019-04-12 10:09:20','PF20190415123030003',''),
('CK20190415123030003','CK02','GYS0200001001','CK001',50,'PF','O','2019-04-12 10:10:20','PF20190415123030003','');


/*库存内容
仓库编号，产品型号，内容数量
*/
insert into inventorycontent
(warehouseCode,modelCode,ContentSum)VALUES
('CK02','GYS0100003001',2950),
('CK02','GYS0200001001',3450);




/*
客户款项流水
流水编号，批发订单编号，用户名，款项发生原因，出入标识，出入时刻，金额，备注
*/
insert into cusmoniorec VALUES
('KO20190415123030003','PF20190415123030003','zhouhan','PF','O','2019-04-15 12:30:30',-(49.5+43)*50,''),
('KO20190420102036201','PF20190420102036235','zhouhan','PF','O','2019-04-20 10:20:36',-43*500,'');








/*
菜单
菜单序号，一级菜单，二级菜单，状态
*/
insert into menu 
(Amenu,Bmenu,state)values
('基础信息管理','管理员信息管理','T'),
('基础信息管理','产品信息管理','T'),
('基础信息管理','仓库信息管理','T'),
('基础信息管理','供应商信息管理','T'),
('基础信息管理','财务统计管理','T'),
('采购管理','采购开单','T'),
('采购管理','查看采购款项流水','T'),
('库存管理','产品入库','T'),
('库存管理','产品出库','T'),
('库存管理','查看出入库流水','T'),
('批发管理','批发订单处理','T'),
('批发管理','批发退货','T'),
('批发管理','批发换货','T'),
('批发管理','查看批发款项流水','T');
/*
('客户信息管理','客户基础信息管理','T'),
('客户信息管理','客户订单管理','T'),
('客户信息管理','进货单管理','T'),
('客户信息管理','查看客户款项流水','T');
*/

/*
权限
菜单序号，角色
*/
insert into permission
(menuNum,role)VALUES
(1,"GJ"),
(2,"CG"),
(3,"CK"),
(4,"CG"),
(5,"GJ"),
(6,"CG"),
(7,"CG"),
(8,"CK"),
(9,"CK"),
(10,"CK"),
(11,"PF"),
(12,"PF"),
(13,"PF"),
(14,"PF");
/*
(15,"KH"),
(16,"KH"),
(17,"KH"),
(18,"KH");
*/


insert into province VALUES 
 (1,'北京市'),
 (2,'天津市'),
 (3,'上海市'),
 (4,'重庆市'),
 (5,'河北省'),
 (6,'山西省'),
 (7,'台湾省'),
 (8,'辽宁省'),
 (9,'吉林省'),
 (10,'黑龙江省'),
 (11,'江苏省'),
 (12,'浙江省'),
 (13,'安徽省'),
 (14,'福建省'),
 (15,'江西省'),
 (16,'山东省'),
 (17,'河南省'),
 (18,'湖北省'),
 (19,'湖南省'),
 (20,'广东省'),
 (21,'甘肃省'),
 (22,'四川省'),
 (23,'贵州省'),
 (24,'海南省'),
 (25,'云南省'),
 (26,'青海省'),
 (27,'陕西省'),
 (28,'广西壮族自治区'),
 (29,'西藏自治区'),
 (30,'宁夏回族自治区'),
 (31,'新疆维吾尔自治区'),
 (32,'内蒙古自治区'),
 (33,'澳门特别行政区'),
 (34,'香港特别行政区');

insert into city(cityNum,city,provinceNum) VALUES
 (1,'北京市',1),
 (2,'天津市',2),
 (3,'上海市',3),
 (4,'重庆市',4),
 (5,'石家庄市',5),
 (6,'唐山市',5),
 (7,'秦皇岛市',5),
 (8,'邯郸市',5),
 (9,'邢台市',5),
 (10,'保定市',5),
 (11,'张家口市',5),
 (12,'承德市',5),
 (13,'沧州市',5),
 (14,'廊坊市',5),
 (15,'衡水市',5),
 
 (16,'太原市',6),
 (17,'大同市',6),
 (18,'阳泉市',6),
 (19,'长治市',6),
 (20,'晋城市',6),
 (21,'朔州市',6),
 (22,'晋中市',6),
 (23,'运城市',6),
 (24,'忻州市',6),
 (25,'临汾市',6),
 (26,'吕梁市',6),

 (27,'台北市',7),
 (28,'高雄市',7),
 (29,'基隆市',7),
 (30,'台中市',7),
 (31,'台南市',7),
 (32,'新竹市',7),
 (33,'嘉义市',7),
 (34,'台北县',7),
 (35,'宜兰县',7),
 (36,'桃园县',7),
 (37,'新竹县',7),
 (38,'苗栗县',7),
 (39,'台中县',7),
 (40,'彰化县',7),
 (41,'南投县',7),
 (42,'云林县',7),
 (43,'嘉义县',7),
 (44,'台南县',7),
 (45,'高雄县',7),
 (46,'屏东县',7),
 (47,'澎湖县',7),
 (48,'台东县',7),
 (49,'花莲县',7),
 
 (50,'沈阳市',8),
 (51,'大连市',8),
 (52,'鞍山市',8),
 (53,'抚顺市',8),
 (54,'本溪市',8),
 (55,'丹东市',8),
 (56,'锦州市',8),
 (57,'营口市',8),
 (58,'阜新市',8),
 (59,'辽阳市',8),
 (60,'盘锦市',8),
 (61,'铁岭市',8),
 (62,'朝阳市',8),
 (63,'葫芦岛市',8),
 
 (64,'长春市',9),
 (65,'吉林市',9),
 (66,'四平市',9),
 (67,'辽源市',9),
 (68,'通化市',9),
 (69,'白山市',9),
 (70,'松原市',9),
 (71,'白城市',9),
 (72,'延边朝鲜族自治州',9),
 
 (73,'哈尔滨市',10),
 (74,'齐齐哈尔市',10),
 (75,'鹤 岗 市',10),
 (76,'双鸭山市',10),
 (77,'鸡西市',10),
 (78,'大庆市',10),
 (79,'伊春市',10),
 (80,'牡丹江市',10),
 (81,'佳木斯市',10),
 (82,'七台河市',10),
 (83,'黑河市',10),
 (84,'绥化市',10),
 (85,'大兴安岭地区',10),
 
 (86,'南京市',11),
 (87,'无锡市',11),
 (88,'徐州市',11),
 (89,'常州市',11),
 (90,'苏州市',11),
 (91,'南通市',11),
 (92,'连云港市',11),
 (93,'淮安市',11),
 (94,'盐城市',11),
 (95,'扬州市',11),
 (96,'镇江市',11),
 (97,'泰州市',11),
 (98,'宿迁市',11),
 
 (99,'杭州市',12),
 (100,'宁波市',12),
 (101,'温州市',12),
 (102,'嘉兴市',12),
 (103,'湖州市',12),
 (104,'绍兴市',12),
 (105,'金华市',12),
 (106,'衢州市',12),
 (107,'舟山市',12),
 (108,'台州市',12),
 (109,'丽水市',12),
 
 (110,'合肥市',13),
 (111,'芜湖市',13),
 (112,'蚌埠市',13),
 (113,'淮南市',13),
 (114,'马鞍山市',13),
 (115,'淮北市',13),
 (116,'铜陵市',13),
 (117,'安庆市',13),
 (118,'黄山市',13),
 (119,'滁州市',13),
 (120,'阜阳市',13),
 (121,'宿州市',13),
 (122,'巢湖市',13),
 (123,'六安市',13),
 (124,'亳州市',13),
 (125,'池州市',13),
 (126,'宣城市',13),
 
 (127,'福州市',14),
 (128,'厦门市',14),
 (129,'莆田市',14),
 (130,'三明市',14),
 (131,'泉州市',14),
 (132,'漳州市',14),
 (133,'南平市',14),
 (134,'龙岩市',14),
 (135,'宁德市',14),
 
 (136,'南昌市',15),
 (137,'景德镇市',15),
 (138,'萍乡市',15),
 (139,'九江市',15),
 (140,'新余市',15),
 (150,'鹰潭市',15),
 (151,'赣州市',15),
 (152,'吉安市',15),
 (153,'宜春市',15),
 (154,'抚州市',15),
 (155,'上饶市',15),
 
 (156,'济南市',16),
 (157,'青岛市',16),
 (158,'淄博市',16),
 (159,'枣庄市',16),
 (160,'东营市',16),
 (161,'烟台市',16),
 (162,'潍坊市',16),
 (163,'济宁市',16),
 (164,'泰安市',16),
 (165,'威海市',16),
 (166,'日照市',16),
 (167,'莱芜市',16),
 (168,'临沂市',16),
 (169,'德州市',16),
 (170,'聊城市',16),
 (180,'滨州市',16),
 (181,'菏泽市',16),
 
 (182,'郑州市',17),
 (183,'开封市',17),
 (184,'洛阳市',17),
 (185,'平顶山市',17),
 (186,'安阳市',17),
 (187,'鹤壁市',17),
 (188,'新乡市',17),
 (189,'焦作市',17),
 (190,'濮阳市',17),
 (191,'许昌市',17),
 (192,'漯河市',17),
 (193,'三门峡市',17),
 (194,'南阳市',17),
 (195,'商丘市',17),
 (196,'信阳市',17),
 (197,'周口市',17),
 (198,'驻马店市',17),
 (199,'济源市',17),

 (200,'武汉市',18),
 (201,'黄石市',18),
 (202,'十堰市',18),
 (203,'荆州市',18),
 (204,'宜昌市',18),
 (205,'襄樊市',18),
 (206,'鄂州市',18),
 (207,'荆门市',18),
 (208,'孝感市',18),
 (209,'黄冈市',18),
 (210,'咸宁市',18),
 (211,'随州市',18),
 (212,'仙桃市',18),
 (213,'天门市',18),
 (214,'潜江市',18),
 (215,'神农架林区',18),
 (216,'恩施土家族苗族自治州',18),
 
 (217,'长沙市',19),
 (218,'株洲市',19),
 (219,'湘潭市',19),
 (220,'衡阳市',19),
 (221,'邵阳市',19),
 (222,'岳阳市',19),
 (223,'常德市',19),
 (224,'张家界市',19),
 (225,'益阳市',19),
 (226,'郴州市',19),
 (227,'永州市',19),
 (228,'怀化市',19),
 (229,'娄底市',19),
 (230,'湘西土家族苗族自治州',19),

 (231,'广州市',20),
 (232,'深圳市',20),
 (233,'珠海市',20),
 (234,'汕头市',20),
 (235,'韶关市',20),
 (236,'佛山市',20),
 (237,'江门市',20),
 (238,'湛江市',20),
 (239,'茂名市',20),
 (240,'肇庆市',20),
 (241,'惠州市',20),
 (242,'梅州市',20),
 (243,'汕尾市',20),
 (244,'河源市',20),
 (245,'阳江市',20),
 (246,'清远市',20),
 (247,'东莞市',20),
 (248,'中山市',20),
 (249,'潮州市',20),
 (250,'揭阳市',20),
 (251,'云浮市',20),
 
 (252,'兰州市',21),
 (253,'金昌市',21),
 (254,'白银市',21),
 (255,'天水市',21),
 (256,'嘉峪关市',21),
 (257,'武威市',21),
 (258,'张掖市',21),
 (259,'平凉市',21),
 (260,'酒泉市',21),
 (261,'庆阳市',21),
 (262,'定西市',21),
 (263,'陇南市',21),
 (264,'临夏回族自治州',21),
 (265,'甘南藏族自治州',21),
 
 (266,'成都市',22),
 (267,'自贡市',22),
 (268,'攀枝花市',22),
 (269,'泸州市',22),
 (270,'德阳市',22),
 (271,'绵阳市',22),
 (272,'广元市',22),
 (273,'遂宁市',22),
 (274,'内江市',22),
 (275,'乐山市',22),
 (276,'南充市',22),
 (277,'眉山市',22),
 (278,'宜宾市',22),
 (279,'广安市',22),
 (280,'达州市',22),
 (281,'雅安市',22),
 (282,'巴中市',22),
 (283,'资阳市',22),
 (284,'阿坝藏族羌族自治州',22),
 (285,'甘孜藏族自治州',22),
 (286,'凉山彝族自治州',22),
 
 (287,'贵阳市',23),
 (288,'六盘水市',23),
 (289,'遵义市',23),
 (290,'安顺市',23),
 (291,'铜仁地区',23),
 (292,'毕节地区',23),
 (293,'黔西南布依族苗族自治州',23),
 (294,'黔东南苗族侗族自治州',23),
 (295,'黔南布依族苗族自治州',23),
 
 (296,'海口市',24),
 (297,'三亚市',24),
 (298,'五指山市',24),
 (299,'琼海市',24),
 (300,'儋州市',24),
 (301,'文昌市',24),
 (302,'万宁市',24),
 (303,'东方市',24),
 (304,'澄迈县',24),
 (305,'定安县',24),
 (306,'屯昌县',24),
 (307,'临高县',24),
 (308,'白沙黎族自治县',24),
 (309,'昌江黎族自治县',24),
 (310,'乐东黎族自治县',24),
 (311,'陵水黎族自治县',24),
 (312,'保亭黎族苗族自治县',24),
 (313,'琼中黎族苗族自治县',24),
 
 (314,'昆明市',25),
 (315,'曲靖市',25),
 (316,'玉溪市',25),
 (317,'保山市',25),
 (318,'昭通市',25),
 (319,'丽江市',25),
 (320,'思茅市',25),
 (321,'临沧市',25),
 (322,'文山壮族苗族自治州',25),
 (323,'红河哈尼族彝族自治州',25),
 (324,'西双版纳傣族自治州',25),
 (325,'楚雄彝族自治州',25),
 (326,'大理白族自治州',25),
 (327,'德宏傣族景颇族自治州',25),
 (328,'怒江傈傈族自治州',25),
 (329,'迪庆藏族自治州',25),
 
 (330,'西宁市',26),
 (331,'海东地区',26),
 (332,'海北藏族自治州',26),
 (333,'黄南藏族自治州',26),
 (334,'海南藏族自治州',26),
 (335,'果洛藏族自治州',26),
 (336,'玉树藏族自治州',26),
 (337,'海西蒙古族藏族自治州',26),
 
 (338,'西安市',27),
 (339,'铜川市',27),
 (340,'宝鸡市',27),
 (341,'咸阳市',27),
 (342,'渭南市',27),
 (343,'延安市',27),
 (344,'汉中市',27),
 (345,'榆林市',27),
 (346,'安康市',27),
 (347,'商洛市',27),
 
 (348,'南宁市',28),
 (349,'柳州市',28),
 (350,'桂林市',28),
 (360,'梧州市',28),
 (370,'北海市',28),
 (380,'防城港市',28),
 (381,'钦州市',28),
 (382,'贵港市',28),
 (383,'玉林市',28),
 (384,'百色市',28),
 (385,'贺州市',28),
 (386,'河池市',28),
 (387,'来宾市',28),
 (388,'崇左市',28),
 
 (389,'拉萨市',29),
 (390,'那曲地区',29),
 (391,'昌都地区',29),
 (392,'山南地区',29),
 (393,'日喀则地区',29),
 (394,'阿里地区',29),
 (395,'林芝地区',29),
 
 
 (396,'银川市',30),
 (397,'石嘴山市',30),
 (398,'吴忠市',30),
 (399,'固原市',30),
 (400,'中卫市',30),
 
 (401,'乌鲁木齐市',31),
 (402,'克拉玛依市',31),
 (403,'石河子市　',31),
 (404,'阿拉尔市',31),
 (405,'图木舒克市',31),
 (406,'五家渠市',31),
 (407,'吐鲁番市',31),
 (408,'阿克苏市',31),
 (409,'喀什市',31),
 (410,'哈密市',31),
 (411,'和田市',31),
 (412,'阿图什市',31),
 (413,'库尔勒市',31),
 (414,'昌吉市　',31),
 (415,'阜康市',31),
 (416,'米泉市',31),
 (417,'博乐市',31),
 (418,'伊宁市',31),
 (419,'奎屯市',31),
 (420,'塔城市',31),
 (421,'乌苏市',31),
 (422,'阿勒泰市',31),
 
 (423,'呼和浩特市',32),
 (424,'包头市',32),
 (425,'乌海市',32),
 (426,'赤峰市',32),
 (427,'通辽市',32),
 (428,'鄂尔多斯市',32),
 (429,'呼伦贝尔市',32),
 (430,'巴彦淖尔市',32),
 (431,'乌兰察布市',32),
 (432,'锡林郭勒盟',32),
 (433,'兴安盟',32),
 (444,'阿拉善盟',32);


/*产品属性及类别*/
insert into productproperty
(productPropType,productProp)VALUES
/*1*/('成分类型','棉织物'),
/*2*/('成分类型','麻织物'),
/*3*/('成分类型','毛织物'),
/*4*/('成分类型','丝织物'),
/*5*/('成分类型','化纤织物'),
/*6*/('成分类型','混纺织物'),
/*7*/('成分类型','交织物'),

/*8*/('纺织工艺','机织物'),
/*9*/('纺织工艺','针织物'),
/*10*/('纺织工艺','无纺布'),

/*11*/('染整工艺','原色布'),
/*12*/('染整工艺','漂白布'),
/*13*/('染整工艺','染色布'),
/*14*/('染整工艺','印花布'),
/*15*/('染整工艺','色织布'),
/*16*/('染整工艺','烂花布'),
/*17*/('染整工艺','轧花布'),

/*18*/('织物组织','平纹组织'),
/*19*/('织物组织','斜纹组织'),
/*20*/('织物组织','缎纹组织'),
/*21*/('织物组织','起毛组织'),
/*22*/('织物组织','毛巾组织');

set autocommit =0;